Task,Description,Estimated Time (hours),Actual Time (hours)
Planning & Task Breakdown,Create planning document with time estimates,0.5,
Database Design,Design schema for users/teams/projects/reviews/roles,1.0,
Database Migrations,Create Laravel migrations for all tables,1.5,
Database Seeders,Create seeders for test data population,1.0,
User Model,Create User model with relationships and traits,0.5,
Team Model,Create Team model with relationships,0.5,
Project Model,Create Project model with relationships,0.5,
Review Model,Create Review model with relationships,0.5,
Other Models,Create Role and other supporting models,0.5,
Authentication Setup,Setup authentication (API tokens/sanctum),1.0,
Authorization Policies,Create policies for role-based access control,1.5,
Review Controller,Create ReviewController with all CRUD operations,1.5,
Project Controller,Create ProjectController with proper access control,1.0,
Team Controller,Create TeamController with access control,1.0,
User Controller,Create UserController for admin operations,1.0,
API Routes,Define all API routes with proper grouping,0.75,
Feature Tests - Reviews,Test review creation/reading/updating/deletion,1.5,
Feature Tests - Authorization,Test authorization rules for different roles,1.5,
Feature Tests - Projects,Test project endpoints and access control,1.0,
Unit Tests,Write unit tests for models and business logic,1.0,
Error Handling,Implement proper error handling and validation,1.0,
Documentation,Update README with setup and API documentation,1.0,
Code Review & Polish,Code quality check and minor fixes,0.5,
Final Testing & Debugging,Run full test suite and fix any issues,1.0,
TOTAL,Complete REST API implementation,20.0,
